{
	"schemaVersion": 1,
	"id": "no-hand-sway",
	"version": "${version}",
	"name": "No Hand Sway",
	"description": "This mod removes hand sway(shaking) when you move the mouse.",
	"authors": [
		"Logwan"
	],
	"license": "CC0-1.0",
	"icon": "assets/no-hand-sway/icon.png",
	"environment": "*",
	"entrypoints": {
		"main": [
			"logwan.nohandsway.NoHandSway"
		]
	},
	"mixins": [
		"no-hand-sway.mixins.json"
	],
	"depends": {
		"fabricloader": ">=0.15.11",
		"minecraft": "~1.21",
		"java": ">=21",
		"fabric-api": "*"
	},
	"suggests": {
		"another-mod": "*"
	}
}